n,minC,maxC,meanC,expC,chbshvC,kurtC,minT,maxT,meanT,expT,minD,maxD,meanD,minCX,maxCX,meanCX
10.0,6.0,18.0,10.16,3.84,9.36459799968454,-0.03566606098783831,6.7e-6,0.0002095,8.605700000000003e-6,1.705700000000003e-6,0.00424190638042954,0.21657440153855934,0.0739928714750886,2.0,14.0,6.16
30.0,21.0,47.0,30.255,7.254999999999999,16.52127272495834,0.34601997085702063,2.19e-5,0.0070942,3.262119999999999e-5,1.012119999999999e-5,0.0013792149866062575,0.07145431926391556,0.024037591435088337,7.0,33.0,16.255
50.0,40.0,76.0,53.336,8.664000000000001,19.907244369283717,0.8715843614249859,4.65e-5,0.0070327,5.9186999999999994e-5,1.1886999999999996e-5,0.000651164869064456,0.03870029611202428,0.014297208794405285,22.0,58.0,35.336
70.0,60.0,90.0,73.682,10.317999999999998,24.12217650626492,-0.156601958559476,6.28e-5,0.0068057,7.752129999999997e-5,1.3121299999999979e-5,0.00035998993703994695,0.028829487999888263,0.009878895966846449,28.0,58.0,41.682
90.0,84.0,117.0,97.935,10.935000000000002,25.602949263922905,-0.06772558984419152,9.1e-5,0.0062941,0.00011439000000000001,2.1290000000000008e-5,0.0003139229935261205,0.021814121634942066,0.007354335297629029,52.0,85.0,65.935
110.0,100.0,141.0,118.231,12.769000000000005,28.862880068452043,-0.04786639468260523,0.000106,0.0066498,0.00013600640000000007,2.8293599999999942e-5,0.0001013646496896671,0.02485662365953075,0.006480252751362749,54.0,95.0,72.231
130.0,120.0,166.0,137.435,13.435000000000002,30.25410403252443,0.12276508328055957,0.0001203,0.0063314,0.00014644080000000004,2.4940800000000044e-5,0.0001705608934940803,0.01636485050448608,0.005296074768009621,56.0,102.0,73.435
150.0,139.0,190.0,162.507,14.507000000000005,33.261770328191574,0.0597408399081476,0.0001521,0.0060613,0.00018958170000000002,3.568170000000002e-5,0.00020619099025822037,0.013745851786489344,0.004648182877096317,75.0,126.0,98.507
170.0,166.0,212.0,188.18,15.180000000000007,34.78853607500957,-0.06877873424517222,0.0001813,0.0063936,0.00022825900000000005,4.5059000000000044e-5,0.00011323224724473071,0.011575503246415228,0.0040892823759265335,102.0,148.0,124.18
190.0,186.0,241.0,212.865,16.13499999999999,37.22097393810242,-0.1036453154851813,0.0002074,0.0069827,0.00026188720000000005,4.968720000000004e-5,0.00017750246688749398,0.0114876264207151,0.003649979657523112,122.0,177.0,148.865
210.0,206.0,261.0,232.626,17.373999999999995,40.04855011565794,0.05229671741494624,0.0002262,0.006543,0.00028683360000000005,5.743360000000006e-5,7.423917885882242e-5,0.009879785050675216,0.003422079205450768,124.0,179.0,150.626
230.0,226.0,282.0,250.908,17.092000000000013,39.4637568929785,0.2218232270319378,0.0002408,0.0065254,0.0002941096,5.05096e-5,0.00012473331566897956,0.00984998117216906,0.0029813227148804064,124.0,180.0,148.908
250.0,239.0,302.0,269.619,18.380999999999972,42.942762613283996,0.05118161584541525,0.000253,0.0068743,0.0003173601,6.136010000000003e-5,0.00010390605680107447,0.008213595254927273,0.002826599934026743,117.0,180.0,147.619
270.0,265.0,328.0,293.278,17.72199999999998,41.577674574499994,0.09934101955719576,0.0002852,0.0063345,0.00034663080000000006,5.883080000000006e-5,9.013647187794494e-5,0.007580591599423721,0.002500651039505843,137.0,200.0,165.278
290.0,285.0,352.0,318.873,19.87299999999999,45.65020658618493,0.005311229026561115,0.0003186,0.0059438,0.00039335899999999997,7.055899999999999e-5,7.043603876526749e-5,0.007064978330508707,0.0023493476360105024,157.0,224.0,190.873
310.0,313.0,382.0,344.313,19.312999999999988,45.57738384240497,0.008188065702552816,0.0003516,0.0065899,0.0004332031,7.730310000000001e-5,4.8318678034745856e-5,0.006766714694109019,0.002249794149159402,185.0,254.0,216.313
330.0,336.0,406.0,369.326,20.326000000000022,46.99705526097573,0.09219458020908311,0.0003761,0.0063316,0.0004712994999999999,8.959949999999989e-5,1.0040911826066563e-5,0.006527407393302147,0.0020393215413374638,208.0,278.0,241.326
350.0,360.0,432.0,395.009,21.009000000000015,48.837726231915276,0.06656698160314578,0.0004123,0.0065547,0.000501272,8.447199999999999e-5,6.0460945861886116e-5,0.007193623109749646,0.0019594731168114214,232.0,304.0,267.009
370.0,387.0,456.0,420.073,21.07299999999998,50.687302380602404,-0.259366863740488,0.0004331,0.0061448,0.0005364211000000001,9.532110000000008e-5,6.13105085457204e-5,0.005482250393906195,0.0018394606561357143,259.0,328.0,292.073
390.0,403.0,493.0,443.776,23.77600000000001,55.46921049837751,0.4219828307456863,0.0004642,0.0070867,0.0005783753,0.00010457529999999997,5.72861621094844e-5,0.004955182778355726,0.0017785737804693876,269.0,359.0,309.776
410.0,422.0,503.0,463.748,23.25200000000001,52.64467096849767,0.04021600753250487,0.0004804,0.0064608,0.0005940153,0.0001045153,1.4514128050150709e-5,0.005194110936399361,0.0016535414679501384,268.0,349.0,309.748
430.0,451.0,525.0,482.559,23.440999999999974,52.82841301062545,-0.08138967896911176,0.0005039,0.0075341,0.0006188112999999999,0.00010931129999999995,8.658368436627797e-5,0.0052240839769328775,0.001607868003631831,277.0,351.0,308.559
450.0,464.0,541.0,501.889,23.11099999999999,53.66986150563493,0.029306990659211163,0.0005205,0.0069746,0.0006389384999999999,0.00011313849999999989,5.6418046632187885e-5,0.005037391868523279,0.0015277667706280029,270.0,347.0,307.889
470.0,486.0,563.0,520.247,23.753000000000043,55.315998406244816,-0.21332833933361028,0.0005361,0.0069168,0.0006562488999999999,0.00011305110000000011,5.8690502457898864e-5,0.004087795812576897,0.0014664699580054124,272.0,349.0,306.247
490.0,500.0,580.0,540.284,23.716000000000008,55.87547716976516,0.04011296908556794,0.0005408,0.0074356,0.0006743039000000001,0.00011990390000000007,2.5929302960790324e-5,0.004141934797851257,0.0014351274857856125,266.0,346.0,306.284
510.0,522.0,600.0,558.946,26.946000000000026,59.063611387978895,0.012473630837527061,0.0005674,0.0070337,0.0006847231,0.00011192309999999992,3.748316297797175e-5,0.004236318212946246,0.0013684866173847598,268.0,346.0,304.946
530.0,542.0,625.0,584.43,26.42999999999995,59.13678346984352,0.09299545633483186,0.0006127,0.0068297,0.0007433082,0.00012380819999999995,5.869391013486813e-5,0.003999544935006,0.0012567173288919819,286.0,369.0,328.43
550.0,571.0,654.0,610.116,25.884000000000015,58.998064812768675,0.029490904725894662,0.0006428,0.00656,0.0007835186000000003,0.00012761860000000034,5.9663308051769316e-5,0.004295683058598099,0.0012451223132815493,315.0,398.0,354.116
570.0,585.0,680.0,634.455,25.54499999999996,59.821552287767645,-0.0791640133515843,0.0006747,0.0074555,0.0008363974999999999,0.00014919749999999985,3.995017591005021e-5,0.003419107363904595,0.001219827872696082,329.0,424.0,378.455
590.0,613.0,697.0,660.545,26.45500000000004,60.42160433379993,-0.275562755912516,0.0007203,0.0065094,0.0008563916,0.00013029159999999992,2.6845059786024545e-5,0.003326581762884607,0.001176606227695024,357.0,441.0,404.545
610.0,635.0,737.0,686.316,27.68399999999997,62.1020091425353,0.2393673608479645,0.0007414,0.0064141,0.0009028903000000002,0.00014559030000000012,4.8454023497186605e-5,0.0034399436822181648,0.0011661369008156167,379.0,481.0,430.316
630.0,670.0,760.0,710.855,28.144999999999982,63.31483450399493,-0.05726039275103023,0.000777,0.006827,0.0009495711,0.00015627109999999996,6.578505159828998e-5,0.0035741242328492014,0.0010670017366447002,414.0,504.0,454.855
650.0,688.0,788.0,737.197,28.197000000000003,65.52295076594976,0.06231150945982922,0.0008041,0.0069417,0.0009697985,0.00015320150000000012,2.4064843037614624e-5,0.003072360080055102,0.0010746877805659742,432.0,532.0,481.197
670.0,720.0,817.0,762.231,27.769000000000005,65.05216802355294,-0.15177656993018163,0.0008366,0.0066467,0.0010206799,0.0001636798999999999,3.0076913544814325e-5,0.003914299818720567,0.0010328401016992384,464.0,561.0,506.231
690.0,743.0,839.0,789.778,30.22199999999998,68.4337453125101,-0.025444165130836804,0.0008696,0.0072452,0.0010494338999999999,0.00016153389999999993,3.0580376033721687e-5,0.00287798055375398,0.001003160995095098,487.0,583.0,533.778
710.0,767.0,863.0,814.255,29.745000000000005,66.13117897658285,0.16922160434131595,0.0009098,0.0069835,0.0011010537,0.0001780537000000001,1.7562927300313862e-5,0.002849767606933703,0.000987552323856703,511.0,607.0,558.255
730.0,794.0,887.0,840.936,30.936000000000035,69.49033736417594,-0.10644576068027911,0.0009462,0.0065303,0.0011320487000000003,0.00017424870000000035,1.6881665801339368e-5,0.003057855070027843,0.0009579440149273642,538.0,631.0,584.936
750.0,808.0,914.0,865.549,31.548999999999978,71.37791525946098,0.12826809581852094,0.0009779,0.0069536,0.0011860725,0.0001966724999999999,2.7035185516496805e-5,0.002925137434006173,0.0009297653423019292,552.0,658.0,609.549
770.0,847.0,941.0,891.181,31.81899999999996,71.79358675466145,-0.02094846412201523,0.0010008,0.0077347,0.0012196763,0.0002077762999999999,1.020266819198749e-5,0.003231367194193863,0.0009097469177288785,589.0,683.0,633.181
790.0,864.0,957.0,910.893,30.89300000000003,68.65350919162341,0.01195175882449595,0.0010329,0.0068685,0.0012300243999999998,0.00018742439999999976,3.183854950651941e-5,0.0024841134081025422,0.0009005179170755281,586.0,679.0,632.893
810.0,880.0,979.0,929.844,30.84400000000005,70.12039753274475,0.07541840325198024,0.0010539,0.0074447,0.0012711254999999999,0.00019612549999999986,3.638196293863408e-5,0.0028768052637950137,0.0008764492939742281,582.0,681.0,631.844
830.0,887.0,1007.0,949.655,31.654999999999973,73.29154897497496,-0.03753798902320904,0.0010624,0.0081068,0.0012713696999999996,0.00019496969999999972,9.653691818322434e-6,0.002324311825693989,0.0008385500312275808,569.0,689.0,631.655
850.0,924.0,1015.0,968.207,30.793000000000006,70.75570216872553,-0.21101025447002542,0.0011062,0.0075489,0.0013234818,0.00021138180000000012,1.0788708740986372e-6,0.0025340865587964276,0.0007916856703098885,586.0,677.0,630.207
870.0,936.0,1035.0,987.66,30.659999999999968,71.92817015371419,-0.16441148102775882,0.0011061,0.0078817,0.0013542801999999997,0.00023638019999999964,2.7606218844421256e-5,0.0023158706199981577,0.0008117802115074565,578.0,677.0,629.66
890.0,958.0,1063.0,1007.945,31.05499999999995,74.24494468859015,0.06648961481241278,0.0011206,0.0078906,0.0013633379000000004,0.00021923790000000025,5.056876739654419e-5,0.002755998463090529,0.0007694969782334149,580.0,685.0,629.945
910.0,977.0,1089.0,1026.323,32.32300000000009,72.28248873813199,0.2152318588628197,0.0011384,0.0078071,0.0013813624000000003,0.00022676240000000028,1.4642132733195084e-5,0.0025751796902213978,0.0007570691176086201,579.0,691.0,628.323
930.0,995.0,1102.0,1045.473,31.472999999999956,72.82038332931396,-0.058529607094881086,0.0011495,0.008153,0.0014057755000000003,0.00024057550000000042,1.0666594710460219e-5,0.0024404821932703575,0.0007423188906784217,577.0,684.0,627.473
950.0,1019.0,1122.0,1066.716,32.284000000000106,76.13293047757388,-0.12461286800687388,0.0011752,0.0079624,0.0014386217,0.0002461217,3.475639705964318e-5,0.002001302015821473,0.0007361483350645284,581.0,684.0,628.716
970.0,1032.0,1148.0,1085.378,31.37799999999993,72.38302025766556,0.23987986993540478,0.0012,0.0084815,0.0014722195,0.00025311949999999995,1.9394912438928925e-5,0.002190658190579468,0.0007021689172658231,574.0,690.0,627.378
990.0,1044.0,1163.0,1106.307,34.692999999999984,78.10118318447432,-0.009933479820759317,0.0012063,0.0081716,0.0014720439999999998,0.0002574439999999999,1.4298413444662913e-5,0.001970883917656271,0.0006950091919992637,566.0,685.0,628.307
1010.0,1073.0,1181.0,1125.021,33.97900000000004,77.8842547446988,-0.061643824588593965,0.0012234,0.0083449,0.0014961,0.0002584,2.689041822304467e-5,0.0020787625738479384,0.0006857095579873003,575.0,683.0,627.021
1030.0,1080.0,1206.0,1146.249,31.750999999999976,74.54379086655545,0.2772102404340959,0.0012606,0.0074623,0.0015061143,0.0002330142999999998,1.973451436981499e-5,0.002211395357844479,0.0006907314168432112,568.0,694.0,634.249
1050.0,1125.0,1231.0,1172.436,34.56400000000008,76.15640405033498,-0.04282708668781554,0.001308,0.0071242,0.0015526183999999999,0.00022521839999999982,1.1328878860080325e-5,0.0022469829971194554,0.0006591144225391582,613.0,719.0,660.436
1070.0,1135.0,1264.0,1198.688,34.3119999999999,77.30193211497829,-0.012394464341137557,0.0013462,0.0075155,0.0016037669,0.00023996689999999997,2.7914121951055896e-5,0.0018042314080605997,0.0006485474040767465,623.0,752.0,686.688
1090.0,1175.0,1284.0,1224.269,34.269000000000005,77.92332657699377,-0.10004266237461268,0.0013855,0.0071486,0.0016486571999999996,0.00024215719999999964,1.5902964531739507e-5,0.0020289790901606023,0.0006351703939037263,663.0,772.0,712.269
1110.0,1191.0,1315.0,1249.174,36.82600000000002,80.8304895942617,0.3882445177397029,0.0014269,0.0111425,0.0017533613,0.00031176130000000013,1.9699062881072662e-5,0.0018459365523372199,0.0006415632042903014,679.0,803.0,737.174
1130.0,1229.0,1335.0,1274.797,35.202999999999975,79.89805704470868,-0.15197389157353625,0.0014706,0.0071173,0.0017568805000000001,0.0002704805000000002,3.5494929330058826e-5,0.0018600515728016713,0.0006103004290246745,717.0,823.0,762.797
1150.0,1244.0,1355.0,1300.41,36.41000000000008,83.22550381033739,-0.1312081739385147,0.0014937,0.0078172,0.0017859453,0.00027454530000000006,1.5820233581317866e-5,0.0017706302612000248,0.0005994726323205218,732.0,843.0,788.41
1170.0,1274.0,1382.0,1326.874,35.125999999999976,79.19036300960867,-0.13470862125724858,0.0015349,0.0078727,0.0018353061,0.00028530609999999996,3.009558242230901e-5,0.0017047589674017711,0.000591967045192754,762.0,870.0,814.874
1190.0,1296.0,1406.0,1352.935,35.934999999999945,84.67151093942263,-0.32496317793042406,0.0015837,0.010714,0.0019190360000000003,0.0009016639999999999,1.3268517876711972e-5,0.0016470712299954244,0.000574971678384768,784.0,894.0,840.935
1210.0,1323.0,1444.0,1378.318,37.317999999999984,82.6612993510894,0.05814210179963686,0.001607,0.0112382,0.0019439009999999998,0.0003248009999999998,2.251305740351805e-5,0.0016519334953097634,0.0005970372040560608,811.0,932.0,866.318
1230.0,1343.0,1474.0,1405.296,37.29600000000005,86.54303771752744,0.12227258332833912,0.0016633,0.0080089,0.0019576571,0.00028474290000000003,6.7597048601779024e-6,0.0015539557084900196,0.000556836680731501,831.0,962.0,893.296
1250.0,1368.0,1494.0,1430.956,37.044000000000096,83.84098395528638,0.07008838689762653,0.0016739,0.0080942,0.0020234688999999995,0.0003495688999999994,2.4727172511390385e-5,0.001891829562870398,0.0005487403874252808,856.0,982.0,918.956
1270.0,1389.0,1519.0,1454.989,36.98900000000003,85.06923271285777,0.11044030273369598,0.0017176,0.0076097,0.0020414339,0.00030633389999999987,1.6088329172556243e-5,0.0016179415162023434,0.0005533219571692252,877.0,1007.0,942.989
1290.0,1422.0,1536.0,1481.424,38.42399999999998,88.0679308286532,-0.2885426627031733,0.0017409,0.0081311,0.0020899059999999994,0.00032490599999999937,2.5438010895127658e-5,0.0016043689701136284,0.0005520945546584701,910.0,1024.0,969.424
1310.0,1437.0,1580.0,1508.246,37.246000000000095,86.00410679953826,0.48492721425270213,0.0017796,0.0079693,0.0021082442999999997,0.00031475570000000013,1.6858951312832457e-5,0.0014195699205442813,0.0005220490985858889,925.0,1068.0,996.246
1330.0,1454.0,1603.0,1534.175,39.174999999999955,91.70068983664471,0.14377096869749773,0.0018221,0.0082872,0.0021751048999999996,0.00039729510000000023,7.499680419971738e-6,0.0014920520296503113,0.0005255874188259209,942.0,1091.0,1022.175
1350.0,1495.0,1617.0,1560.683,38.68299999999999,89.10594867959203,-0.011335287737149091,0.001857,0.0084556,0.0022024422000000003,0.00033385779999999974,1.4906074259372573e-5,0.0015659353552709946,0.0005303316705250531,983.0,1105.0,1048.683
1370.0,1521.0,1664.0,1586.324,39.67599999999993,90.56126004987907,-0.008493789101947868,0.0018879,0.0081586,0.0022464922999999998,0.00035089229999999967,3.84177477486695e-6,0.0015871867608620496,0.0005035549448401082,1009.0,1152.0,1074.324
1390.0,1537.0,1696.0,1612.79,39.210000000000036,92.34416844308817,0.45649556979799844,0.0019294,0.0084577,0.0022920824,0.00040591759999999977,1.387407200901887e-5,0.0018121837563210223,0.000511102005849274,1025.0,1184.0,1100.79
1410.0,1582.0,1711.0,1639.005,40.00500000000011,92.08854326027641,0.013229404939670175,0.0019759,0.0084719,0.0023178708,0.00036842920000000005,2.8534664458769712e-5,0.0014903458476202252,0.0004882866144935025,1070.0,1199.0,1127.005
1430.0,1608.0,1739.0,1665.311,38.68900000000008,89.31754140818704,-0.06641148078186943,0.0019946,0.0100983,0.0023854010000000005,0.00040579899999999966,2.8963557180159524e-5,0.0015451391640644615,0.0004880090546542944,1096.0,1227.0,1153.311
1450.0,1632.0,1762.0,1691.939,41.06099999999992,93.69869276049172,-0.09121655475468415,0.002039,0.0087896,0.0024193712,0.00041272880000000007,1.137463684742259e-5,0.0014908938087205385,0.0004812685819924681,1120.0,1250.0,1179.939
1470.0,1659.0,1804.0,1718.46,42.539999999999964,94.20978443603128,0.3644542778681017,0.0020497,0.0084401,0.002452478100000001,0.00039477810000000104,2.0976211795181447e-5,0.0015797609094113858,0.0004707220732772036,1147.0,1292.0,1206.46
1490.0,1681.0,1816.0,1742.556,41.55600000000004,93.14533446895413,0.19862292594161923,0.0021094,0.0083343,0.002515154199999999,0.0005654458000000011,4.534315111074392e-6,0.0015143352784098313,0.00046679715493175316,1169.0,1304.0,1230.556
1510.0,1694.0,1839.0,1769.467,42.4670000000001,95.70045348271242,-0.025936299187895084,0.002135,0.0099216,0.0025636635999999997,0.0004225635999999997,2.005862738675012e-5,0.0012731170450271188,0.00046333119141559685,1182.0,1327.0,1257.467
1530.0,1728.0,1874.0,1794.963,43.037000000000035,95.87128831889098,0.07693355960405368,0.0021621,0.0092447,0.0025831712,0.0004146712000000002,5.645954409287718e-6,0.001416557707032427,0.0004495624638717167,1216.0,1362.0,1282.963
1550.0,1754.0,1898.0,1815.64,42.3599999999999,96.59367649250305,-0.021657053424765316,0.0021872,0.0100592,0.0026410133,0.0016148867,1.9883260049606095e-5,0.0013477353847620118,0.0004564287932452809,1228.0,1372.0,1289.64
1570.0,1761.0,1899.0,1836.326,40.67399999999998,96.38965424486926,-0.10254253479765119,0.0022066,0.0090154,0.0026070107999999997,0.00038601079999999984,1.2101806047396094e-5,0.0013706719050958437,0.0004475819192040579,1215.0,1353.0,1290.326
1590.0,1779.0,1922.0,1855.228,41.771999999999935,97.25069674823938,0.06908175492664759,0.00224,0.01059,0.0027175974,0.0016227026,1.778795741685203e-5,0.0013851546118257682,0.0004309764977375179,1213.0,1356.0,1289.228
1610.0,1801.0,1934.0,1876.434,42.43399999999997,96.35890160186507,-0.16856344234172038,0.0022563,0.0093633,0.0026937159,0.00043398410000000014,2.0255671093946627e-5,0.0012855150707252897,0.00042553780309206423,1215.0,1348.0,1290.434
1630.0,1827.0,1964.0,1893.789,43.21100000000001,96.51323424476243,0.07555905160516696,0.0022821,0.0090357,0.0027221931,0.00043969310000000015,2.163824759904804e-5,0.0014074273899963266,0.0004239084684207956,1221.0,1358.0,1287.789
1650.0,1855.0,1987.0,1915.068,43.067999999999984,98.81372208186306,0.04816722133290918,0.0023004,0.0091956,0.0027701572,0.0006494427999999999,1.2673001535383273e-5,0.0011649204736993769,0.00042016299803607194,1229.0,1361.0,1289.068
1670.0,1866.0,2009.0,1932.52,44.48000000000002,99.02402616414744,0.053011187925630754,0.0023134,0.0090588,0.0027848162,0.0006396838000000001,6.62048331117023e-6,0.0012477395086100006,0.00040747131478333987,1220.0,1363.0,1286.52
1690.0,1892.0,2032.0,1952.631,42.368999999999915,95.03709185801527,0.130577925545035,0.0023461,0.0101813,0.0028193342000000002,0.0004732342000000004,1.4054519339959026e-5,0.0012101898007212818,0.00041134678625456974,1226.0,1366.0,1286.631
1710.0,1901.0,2050.0,1972.197,45.80300000000011,103.40704442559431,0.12031638915077547,0.0023588,0.0090345,0.0028493155000000004,0.0005919844999999996,2.2299671102455845e-5,0.0010940130382648035,0.00040866911267501907,1215.0,1364.0,1286.197
1730.0,1915.0,2061.0,1991.942,40.94200000000001,95.08003435492084,0.02621810614508524,0.0023528,0.0095385,0.0028429354999999997,0.0005411645000000004,1.1110809007525852e-5,0.0014079710321491736,0.000414019776659944,1209.0,1355.0,1285.942
1750.0,1941.0,2079.0,2010.777,43.777000000000044,97.69160183490214,0.029755576749819657,0.0024009,0.0136858,0.0029219654,0.0006306345999999999,1.4107201760154195e-5,0.0010722639056153687,0.0003917344903117881,1215.0,1353.0,1284.777
1770.0,1960.0,2115.0,2030.577,43.577,100.45642295499533,0.13950371812804674,0.0024343,0.0095129,0.0029252217000000002,0.0004905217000000001,2.24680348688581e-5,0.0010990169473235492,0.0003966308029004868,1214.0,1369.0,1284.577
1790.0,1985.0,2150.0,2050.225,43.77500000000009,99.09968843668607,0.28995278185196716,0.0024246,0.0096777,0.0029383525999999997,0.0005137525999999999,1.1769807791956205e-5,0.0012785441237076266,0.0003902396590897481,1219.0,1384.0,1284.225
1810.0,1994.0,2155.0,2069.009,42.990999999999985,99.68347493529288,0.3631775313921808,0.0024608,0.0103636,0.0029762966999999996,0.0007610033000000002,2.0034836760863305e-5,0.0011396583537139275,0.0003865866292600067,1208.0,1369.0,1283.009
1830.0,2020.0,2161.0,2091.52,43.48000000000002,99.05616651235866,-0.0022479314388315075,0.0024852,0.0093644,0.0029627755999999997,0.0004659244000000001,7.158162151535102e-6,0.0011605810797637342,0.00038215933743171546,1214.0,1355.0,1285.52
1850.0,2038.0,2176.0,2109.908,42.0920000000001,98.87794277576556,-0.0028204957438808798,0.0024953,0.0095784,0.0030051196000000003,0.0005042196000000004,1.0577596983618107e-5,0.0010840182609899182,0.000375576074198429,1212.0,1350.0,1283.908
1870.0,2061.0,2195.0,2129.059,44.9409999999998,99.00319192840207,-0.012622244562258356,0.0025217,0.0096086,0.0030298695,0.0006273305000000003,8.001989755279252e-6,0.0011964263749536497,0.00036639123035466246,1215.0,1349.0,1283.059
1890.0,2066.0,2218.0,2147.999,44.998999999999796,102.95056482991632,-0.015647804857806147,0.0025339,0.0098108,0.0030560846000000003,0.0005938153999999998,3.7261774159933426e-6,0.0011760909335098541,0.00035729548757262424,1200.0,1352.0,1281.999
1910.0,2112.0,2252.0,2170.499,45.501000000000204,103.92227778402388,-0.12857560081658237,0.0025666,0.0098027,0.0030663926999999996,0.0004973926999999995,8.588437580116642e-6,0.0012148878465037206,0.0003693449020513502,1226.0,1366.0,1284.499
1930.0,2127.0,2262.0,2189.557,44.55699999999979,100.1497128552298,-0.1567944524790983,0.0025902,0.0103555,0.0031190659,0.0005212659000000002,2.610632458732503e-5,0.0010361762450323499,0.0003702335372659022,1221.0,1356.0,1283.557
1950.0,2131.0,2280.0,2208.613,46.38700000000017,102.57673521128757,0.03755092100399793,0.0025844,0.0106111,0.0031250577000000003,0.0006660422999999996,1.9970737512279468e-5,0.001065372125500137,0.0003495635681833913,1205.0,1354.0,1282.613
1970.0,2154.0,2303.0,2228.442,46.55799999999999,107.6856950988799,-0.21791806537535718,0.0026104,0.0127626,0.0031775752,0.0007643248000000001,1.0294514454396438e-5,0.0011833665083900676,0.0003575422862118011,1208.0,1357.0,1282.442
1990.0,2181.0,2322.0,2248.181,45.18100000000004,101.47226912512305,-0.08947011593539367,0.0026285,0.0105601,0.0031789922,0.0006047078000000002,2.1618599253010857e-6,0.001105543923649547,0.00034042275654460415,1215.0,1356.0,1282.181
2010.0,2185.0,2344.0,2268.688,44.6880000000001,104.79081178344906,0.11884765594764701,0.0026584,0.0106571,0.003223468,0.0005581680000000004,1.0643994124845396e-5,0.0010225745704266168,0.00035093371380495573,1199.0,1358.0,1282.688
2030.0,2208.0,2368.0,2286.705,45.29500000000007,105.27564990282639,-0.05534141520585978,0.0026902,0.0106809,0.003244032,0.0007683680000000002,4.630437495171226e-6,0.0010182906562957211,0.00034861302827107494,1202.0,1362.0,1280.705
2050.0,2227.0,2384.0,2307.579,45.42099999999982,106.12887693044962,0.10601584843959744,0.0026718,0.0098761,0.0032084061000000005,0.0007738938999999998,7.66578900957529e-6,0.0010654993637429163,0.00034422089092877797,1203.0,1360.0,1283.579
2070.0,2246.0,2402.0,2333.722,45.27799999999979,105.12366672308048,-0.25883996068154724,0.0027581,0.0092979,0.0032797989000000003,0.0010384011,1.3261215244360315e-5,0.0008785562689556601,0.00032675308726438766,1222.0,1378.0,1309.722
2090.0,2293.0,2456.0,2358.704,42.29599999999982,102.97636530685969,0.04475252025198584,0.0028316,0.0101614,0.0033342242999999995,0.004799175700000002,1.2803085763774135e-5,0.0009302626604285278,0.0003366994338884683,1269.0,1432.0,1334.704
2110.0,2319.0,2462.0,2385.282,46.28200000000015,104.16765534665939,-0.16116865797610913,0.0028483,0.0096959,0.0033934656000000002,0.005049534400000001,1.0077892000890693e-5,0.0009742204888669771,0.00032949708338495144,1295.0,1438.0,1361.282
2130.0,2338.0,2488.0,2411.381,45.61900000000014,106.01809570359494,-0.19428159043063964,0.0029035,0.0099315,0.003455563,0.004950036999999999,5.40961363476841e-6,0.0009801921777475586,0.00032989435870309886,1314.0,1464.0,1387.381
2150.0,2376.0,2505.0,2436.715,44.715000000000146,101.12577278776136,-0.26279921807748474,0.0029448,0.0101762,0.0035296048,0.004959895200000001,5.292355306103236e-6,0.001150572502521399,0.0003178876263289124,1352.0,1481.0,1412.715
2170.0,2393.0,2538.0,2463.264,48.735999999999876,109.16062532855938,-0.10204677444266386,0.0029741,0.0102509,0.0035568639999999994,0.004933636,2.061455908991682e-5,0.001104935798129416,0.0003146051862129808,1369.0,1514.0,1439.264
2190.0,2416.0,2582.0,2487.982,46.98199999999997,108.06994324340435,0.15350415302118536,0.0030342,0.0102235,0.0036185088999999998,0.0049753911000000005,5.506229433416408e-6,0.0009652680237952523,0.00031716245554422247,1392.0,1558.0,1463.982
2210.0,2436.0,2597.0,2514.502,47.49800000000005,108.51163391404029,0.06790548920167527,0.0030691,0.0112613,0.0036736633000000003,0.0051009367,8.409441954761306e-6,0.0009927273198423424,0.0003094774786133487,1412.0,1573.0,1490.502
2230.0,2433.0,2618.0,2540.353,48.646999999999935,110.71615006802703,0.09153278342676607,0.0031163,0.009805,0.0037150283999999997,0.005060471600000001,7.341457182239287e-6,0.0010469522413033778,0.0003147201601384038,1409.0,1594.0,1516.353
2250.0,2477.0,2656.0,2566.664,46.664000000000215,109.15061124856763,0.0018079860920496849,0.0031681,0.0105433,0.0038038901000000003,0.0050788099,9.790519922753477e-6,0.0009131535642276651,0.00031649690194604475,1453.0,1632.0,1542.664
2270.0,2517.0,2659.0,2590.605,46.60500000000002,109.1241842470659,-0.2465697744801294,0.0031808,0.0119192,0.0038219561999999997,0.0050266438,2.377288289074724e-5,0.0008864816639532271,0.0003018919748158132,1493.0,1635.0,1566.605
2290.0,2544.0,2696.0,2618.883,47.88299999999981,107.57266426977671,-0.10051005758021603,0.0032181,0.011313,0.003869207299999999,0.0051845927000000016,1.3312397516355875e-5,0.0011733620295142472,0.00030751056046686594,1520.0,1672.0,1594.883
2310.0,2563.0,2740.0,2642.909,47.909000000000106,108.50136831822411,0.15065796613402727,0.0032669,0.0101818,0.003884492599999999,0.005130207400000001,1.43947158757029e-5,0.0008782754119793172,0.0003008235313443157,1539.0,1716.0,1618.909
2330.0,2591.0,2747.0,2670.14,47.13999999999987,111.19753995881787,-0.21689201710448813,0.003309,0.0101317,0.0039316551,0.005033044900000001,2.168180700726126e-6,0.0008487351599244311,0.0002978079064971051,1567.0,1723.0,1646.14
2350.0,2624.0,2762.0,2696.703,46.702999999999975,109.21512607584978,-0.39444265670922896,0.0033593,0.01183,0.0039875627,0.004986537300000001,4.680989268858821e-6,0.0008603648859159961,0.00030135806893285725,1600.0,1738.0,1672.703
2370.0,2647.0,2812.0,2722.715,48.715000000000146,109.75591948438081,-0.000271501815556352,0.0033624,0.0110097,0.004017856699999999,0.005124743300000002,9.887169247608862e-6,0.0009213340437054084,0.00029098465325405625,1623.0,1788.0,1698.715
2390.0,2669.0,2830.0,2749.647,50.646999999999935,116.67519411134877,-0.03630259666882463,0.0034355,0.0101943,0.004084716699999999,0.005010083300000001,2.2802068666438966e-6,0.0009336823578027132,0.000290802117319639,1645.0,1806.0,1725.647
2410.0,2701.0,2874.0,2774.917,47.916999999999916,110.41808898171699,-0.011511168960619322,0.0034778,0.0106664,0.004121112999999999,0.005119387000000001,9.008551842728305e-6,0.0008301444936339928,0.00027403537390027516,1677.0,1850.0,1750.917
2430.0,2728.0,2890.0,2800.025,48.02500000000009,112.1532248570938,-0.13810889161391193,0.0034653,0.0111731,0.004133406600000001,0.005143993399999999,2.9969994401836375e-6,0.0008252172600703304,0.00028871212736676687,1704.0,1866.0,1776.025
2450.0,2751.0,2899.0,2826.766,50.233999999999924,115.48507125027756,-0.23758632523111656,0.0035317,0.0111696,0.0042028815,0.0051217185000000005,4.179603513814928e-6,0.000916465950297972,0.0002835657406143224,1727.0,1875.0,1802.766
2470.0,2774.0,2928.0,2850.966,50.965999999999894,114.34181619569864,0.002143589296523807,0.0035798,0.0109564,0.0042613289999999995,0.005179471,6.207802646962321e-6,0.0009313885592451362,0.00028304728530169484,1750.0,1904.0,1826.966
2490.0,2799.0,2967.0,2878.231,52.76899999999978,116.88462172071564,0.045940863524838615,0.0035902,0.0110738,0.0043067837,0.0052910163000000005,4.963053978807665e-6,0.0009064339081973341,0.00028137617322053423,1775.0,1943.0,1854.231
2510.0,2821.0,2984.0,2905.29,47.289999999999964,112.02726502110146,-0.20773864963501154,0.0036477,0.0115192,0.004350023500000001,0.005233376499999999,3.2951144344952954e-6,0.0009146845082334795,0.00027513810717455576,1797.0,1960.0,1881.29
2530.0,2859.0,3028.0,2929.919,51.08100000000013,119.2501126597764,0.02907774331637425,0.0036768,0.0107276,0.004392041699999999,0.005348258300000001,5.069843682117895e-6,0.0008592281557573128,0.00027063728198457247,1835.0,2004.0,1905.919
2550.0,2872.0,3043.0,2957.065,48.065000000000055,114.91431938971228,-0.04236265143434892,0.0037242,0.0113759,0.0044581725,0.0053695274999999995,3.023742150998429e-6,0.0008143606892101492,0.0002734025062451475,1848.0,2019.0,1933.065
2570.0,2897.0,3067.0,2982.781,52.21900000000005,119.74840483472191,0.027547936193060618,0.0037679,0.0114807,0.0044775597,0.0053674403,3.3900583533490385e-6,0.0009352968929205511,0.0002698583250776885,1873.0,2043.0,1958.781
2590.0,2922.0,3098.0,3007.559,50.5590000000002,118.70982437187918,0.06902435290290176,0.0038013,0.0110465,0.004518392200000001,0.005378307799999998,9.486540285927146e-6,0.0009445283424181169,0.00027027495346547143,1898.0,2074.0,1983.559
2610.0,2948.0,3131.0,3034.398,50.39800000000014,118.50196046747345,0.04737528533491275,0.0038489,0.0114946,0.004612876200000001,0.005369023799999999,2.8979852547643038e-6,0.001008752081025734,0.00027418169280267593,1924.0,2107.0,2010.398
2630.0,2965.0,3159.0,3061.542,49.541999999999916,117.47461430030317,0.11250835575208162,0.0038786,0.0126139,0.0046335132,0.0054314867999999995,2.9607193118166517e-6,0.0007698648176407468,0.00026242288080441514,1941.0,2135.0,2037.542
2650.0,3003.0,3193.0,3088.286,54.28600000000006,122.94926026861886,0.18004848656430772,0.0039333,0.0261318,0.0046970991,0.005351200899999999,1.9275447739805603e-5,0.0009419391810721364,0.00026757446969560914,1979.0,2169.0,2064.286
2670.0,3031.0,3236.0,3114.448,52.552000000000135,123.82131334159575,0.31668949301636573,0.003952,0.0122559,0.004686791300000001,0.005420508699999999,1.825747077460505e-5,0.0007724287274292518,0.00026201959501487434,2007.0,2212.0,2090.448
2690.0,3048.0,3232.0,3141.769,56.23100000000022,124.24664989451429,0.10214544053252173,0.0039487,0.0118823,0.0047334022,0.005475897799999999,1.3859966094558426e-5,0.0007823079145665469,0.0002508960989220559,2024.0,2208.0,2117.769
2710.0,3081.0,3247.0,3167.752,51.24800000000005,117.29248674764912,-0.05431172507248583,0.0040415,0.012624,0.004801348099999999,0.005518151900000001,5.627953270617207e-6,0.0008237890391467824,0.00025185903645097554,2057.0,2223.0,2143.752
2730.0,3108.0,3271.0,3192.874,52.126000000000204,120.53369176645526,-0.13450104819206699,0.0040996,0.0123973,0.004871808199999998,0.005532091800000002,2.923622911803506e-6,0.0008258780106664042,0.0002573294416195809,2084.0,2247.0,2168.874
2750.0,3135.0,3307.0,3219.79,56.789999999999964,126.2482341128644,-0.05250390247093062,0.0040476,0.0153156,0.0048753497,0.0055081503,1.33017719912073e-5,0.0007652113440948674,0.0002531417785450602,2111.0,2283.0,2195.79
2770.0,3153.0,3352.0,3246.19,54.809999999999945,124.4360169819105,0.2859400009954327,0.0041323,0.0120661,0.004952668000000001,0.005533231999999998,8.435076063670123e-6,0.0007821699488285626,0.00024963766772912555,2129.0,2328.0,2222.19
2790.0,3197.0,3378.0,3271.727,53.27300000000014,123.20011236881113,0.08363187006602679,0.0041757,0.012649,0.0050061123,0.0055205877,6.957102323432059e-6,0.0007513639809513624,0.0002499446496255833,2173.0,2354.0,2247.727
2810.0,3203.0,3386.0,3297.123,54.87699999999995,125.56067418942486,0.24785110171138802,0.0041886,0.0127634,0.005006290199999999,0.0055313098,2.10511314083015e-6,0.0007353306163096338,0.00024173597640790793,2179.0,2362.0,2273.123
2830.0,3241.0,3403.0,3324.829,55.82900000000018,123.45653768309191,0.03307730964062339,0.0042528,0.0151902,0.0051239682000000005,0.005636531799999999,5.550898763284261e-6,0.0006598978328956104,0.0002475207765637136,2217.0,2379.0,2300.829
2850.0,3274.0,3437.0,3348.878,53.878000000000156,124.24483530150899,-0.16239219573533958,0.0042534,0.012176,0.0051060376,0.0055937624000000005,1.450476618380234e-5,0.0007482676889035429,0.00024562778435218715,2250.0,2413.0,2324.878
2870.0,3290.0,3466.0,3377.192,54.19200000000001,126.27734828023866,-0.05785741205047312,0.0043321,0.0134504,0.0051936666,0.0055840334,4.631466264535071e-6,0.0006838548709025693,0.00023607942573367478,2266.0,2442.0,2353.192
2890.0,3320.0,3495.0,3403.693,56.69300000000021,124.35561643665052,0.2025297361392382,0.0043531,0.0126573,0.0052275487,0.0057522512999999996,7.81194116583169e-6,0.0007689706179585486,0.00023789220283818447,2296.0,2471.0,2379.693
2910.0,3356.0,3518.0,3431.161,54.83899999999994,124.18938998394586,-0.10580753806288312,0.0043579,0.0128027,0.005262874100000001,0.005801025899999999,1.0749752971690936e-5,0.000674613965905956,0.00023437105894679936,2332.0,2494.0,2407.161
2930.0,3371.0,3551.0,3457.368,55.63200000000006,127.87589203506562,0.020757646055371115,0.004402,0.0132049,0.005287578599999999,0.005814321400000001,5.122422027654374e-6,0.0007202500502941166,0.00023251305881139627,2347.0,2527.0,2433.368
2950.0,3404.0,3562.0,3483.187,56.1869999999999,125.93355343148176,-0.07012805766926267,0.0044491,0.0124806,0.005345331799999999,0.005863668200000002,1.3700111118827345e-5,0.0007785102632044797,0.00023571883116225886,2380.0,2538.0,2459.187
2970.0,3416.0,3596.0,3510.279,54.721000000000004,125.52250427345322,-0.19854355550365854,0.0045239,0.0126746,0.005411128399999999,0.005844471600000001,2.9056119212877038e-6,0.0006765699807816629,0.00023175881009885363,2392.0,2572.0,2486.279
2990.0,3448.0,3626.0,3536.091,56.909000000000106,128.18129670441326,0.13754510391090546,0.0045428,0.0129003,0.0054404961,0.005920603900000001,1.2862318941816788e-5,0.0006929160792883429,0.00023821560763099856,2424.0,2602.0,2512.091
3010.0,3466.0,3655.0,3562.589,55.58899999999994,126.49095438623874,0.04549500108953142,0.0045721,0.0159637,0.005484164100000001,0.0058635358999999995,6.708844358566612e-6,0.0006927924865459699,0.00022737387435104608,2442.0,2631.0,2538.589
3030.0,3500.0,3677.0,3589.265,56.26499999999987,128.77297068087688,-0.019765121544081943,0.0046281,0.0127734,0.005561610500000002,0.005760089499999998,8.46028957350983e-6,0.0006317651670929318,0.0002246204020681351,2476.0,2653.0,2565.265
3050.0,3531.0,3709.0,3616.758,59.75799999999981,135.45677265185842,-0.11285744188889035,0.0046719,0.0125508,0.0055946302999999985,0.005871269700000001,3.5122715728094505e-6,0.0006290029975904584,0.0002261909649145009,2507.0,2685.0,2592.758
3070.0,3555.0,3743.0,3640.154,57.846000000000004,131.67195291018956,-0.010061986264256806,0.0046291,0.0150187,0.005589823399999998,0.005894076600000002,7.886078301872251e-6,0.0006562723455633378,0.0002227970419460709,2531.0,2719.0,2616.154
3090.0,3565.0,3766.0,3662.88,60.88000000000011,132.86400883928212,0.2977229589191239,0.0046976,0.0129591,0.005656413100000001,0.005898686899999999,4.5514126711265e-6,0.0007435923082837254,0.00022179866101568272,2523.0,2724.0,2620.88
3110.0,3571.0,3768.0,3681.557,59.44300000000021,133.9662718074291,0.09639352103387733,0.0047693,0.0127897,0.005681759299999999,0.005902240700000002,8.328972792605537e-6,0.0007236984576195267,0.00022174842841750226,2509.0,2706.0,2619.557
3130.0,3616.0,3796.0,3702.098,55.902000000000044,129.56880795930786,0.01538906244618854,0.0047635,0.0132052,0.005701191,0.005992808999999999,9.828164206062676e-6,0.0006947982499124931,0.00021910539594111048,2534.0,2714.0,2620.098
3150.0,3631.0,3824.0,3721.198,58.197999999999865,129.07143508675867,0.1862909192665243,0.0048056,0.0213274,0.0057488517999999995,0.0058584482,6.629689372353076e-6,0.0007638247277646498,0.0002194107667480735,2529.0,2722.0,2619.198
3170.0,3644.0,3830.0,3743.651,57.34900000000016,128.8202570973938,-0.08208503281761725,0.0048015,0.0170926,0.005804362799999999,0.0058982372000000016,2.440015517717675e-6,0.0006508392219735532,0.0002177497028692542,2522.0,2708.0,2621.651
3190.0,3653.0,3861.0,3760.402,58.597999999999956,139.43834110807174,-0.12088832889852563,0.0048567,0.0146559,0.005825586599999999,0.006012513400000002,5.916026119898838e-6,0.0008186449410363222,0.00021997784395961375,2511.0,2719.0,2618.402
3210.0,3681.0,3868.0,3780.342,59.3420000000001,132.00214121477455,0.025381544350171037,0.0048633,0.0174526,0.005862100700000001,0.006108699299999999,3.941009315972325e-6,0.0007350414617139961,0.00021743838183937493,2519.0,2706.0,2618.342
3230.0,3700.0,3899.0,3799.526,57.47400000000016,130.14178177419953,0.2014770944089208,0.0048794,0.0136781,0.0058531082,0.006031691799999999,1.3291635646659418e-5,0.0005589464522531862,0.00022149733488085696,2518.0,2717.0,2617.526
3250.0,3734.0,3909.0,3819.691,56.6909999999998,131.27156052474808,-0.15981944788571445,0.0049019,0.0134136,0.005921561400000001,0.0060442386,4.388472586935617e-6,0.000685680969036743,0.00020943821976781017,2532.0,2707.0,2617.691
3270.0,3737.0,3934.0,3839.845,54.8449999999998,127.56336430147925,0.17637431856130048,0.0049319,0.0279865,0.005958400199999999,0.005996899800000001,1.0246369131617942e-5,0.0006444535912045838,0.00021208462996981955,2515.0,2712.0,2617.845
3290.0,3777.0,3986.0,3858.901,54.90099999999984,133.70542667042767,-0.2540324866654977,0.0049699,0.0132554,0.006004938100000001,0.006129261899999999,9.927478898757366e-6,0.0006612469244836445,0.00020376867387325668,2535.0,2744.0,2616.901
3310.0,3780.0,3971.0,3878.079,57.92099999999982,132.87569804569654,-0.17818075162267322,0.0049643,0.0135321,0.005982947499999999,0.006153152500000002,7.471971016830153e-6,0.0005558913772246548,0.00020437382262278433,2518.0,2709.0,2616.079
3330.0,3815.0,3987.0,3898.976,57.97600000000011,132.8528447507179,-0.2009781607008443,0.0049469,0.0136075,0.005952523,0.006222177,6.2103564215932035e-6,0.0005891705100903512,0.00020974692827199892,2533.0,2705.0,2616.976
3350.0,3830.0,4020.0,3919.802,58.802000000000135,132.67531292089973,0.007882709515281583,0.0050414,0.0135212,0.0060740648999999996,0.0061416351,7.675167573689502e-6,0.0006578698122889809,0.00020799329415359543,2528.0,2718.0,2617.802
3370.0,3854.0,4044.0,3937.639,58.360999999999876,131.55029098812003,-0.06837329041634321,0.0050769,0.0140849,0.006154936800000001,0.0062983632,4.685584335628555e-6,0.0005771680783092593,0.00021027489079956753,2532.0,2722.0,2615.639
3390.0,3861.0,4046.0,3958.313,57.3130000000001,132.76568588060448,-0.02660423344281515,0.0050531,0.0140615,0.0061032115,0.0063274885,1.0270928810056122e-5,0.0008019841915986446,0.00020531927231585417,2519.0,2704.0,2616.313
3410.0,3897.0,4067.0,3977.202,57.202000000000226,132.4418542786409,-0.2908299906216243,0.0050998,0.0149523,0.006177340900000001,0.0063942591,1.6984214302634467e-6,0.0006028179163347865,0.00020110772939805485,2535.0,2705.0,2615.202
3430.0,3910.0,4111.0,3997.441,59.5590000000002,137.3628732188539,-0.18715465292318534,0.0051253,0.0140191,0.006188963000000001,0.006500536999999998,1.2145715413933172e-5,0.0007340825210260777,0.00020603645264553733,2528.0,2729.0,2615.441
3450.0,3922.0,4108.0,4018.136,62.86400000000003,140.6533805262193,-0.04331991470181906,0.0051171,0.0142458,0.0062280546,0.006465845399999999,1.0013641058913553e-5,0.0006395268821019897,0.00020852682672092138,2520.0,2706.0,2616.136
3470.0,3929.0,4131.0,4038.062,59.9380000000001,132.1338051463836,0.17952668289085505,0.0051745,0.0148178,0.006322570799999999,0.006479229200000001,1.941696681219333e-6,0.0006638370904588477,0.00020165821454218687,2507.0,2709.0,2616.062
3490.0,3955.0,4162.0,4056.888,58.11200000000008,133.46145915986787,0.018282408007848083,0.0051573,0.0180891,0.0063440384,0.006597561599999999,6.610062589523974e-6,0.0005775231305845979,0.00019725236045970074,2513.0,2720.0,2614.888
3510.0,3973.0,4172.0,4075.596,59.403999999999996,132.97269425493874,0.3028450144359729,0.0051838,0.0138202,0.006331476200000001,0.006523223799999999,1.2962955684619184e-5,0.0006788732037893037,0.00019331550556351185,2511.0,2710.0,2613.596
3530.0,3987.0,4188.0,4095.252,58.74800000000005,137.21004524639045,-0.1245559915926302,0.005247,0.0144971,0.006368450100000002,0.006612449899999998,3.592018938018896e-6,0.0005372564419724535,0.00019995798502257968,2505.0,2706.0,2613.252
3550.0,4007.0,4223.0,4114.366,59.634000000000015,137.09557278072867,0.047964095859514,0.0052443,0.0195873,0.006377100999999999,0.006729199000000001,1.1132328155517284e-5,0.0005792376011227071,0.00019587295063947836,2505.0,2721.0,2612.366
3570.0,4014.0,4225.0,4134.139,59.860999999999876,135.956602553086,0.23982662785415965,0.0052724,0.0191701,0.006445915200000001,0.006702684799999999,8.035492436882633e-6,0.0005794079865944874,0.00019745154707346673,2492.0,2703.0,2612.139
3590.0,4051.0,4247.0,4154.581,58.41899999999987,134.1137400689253,0.06065123173730935,0.0052906,0.0206685,0.006450249999999999,0.006563250000000001,3.30471198324412e-6,0.0005627811459461812,0.00019950715860684115,2509.0,2705.0,2612.581
3610.0,4072.0,4273.0,4174.424,61.42399999999998,136.76164750480388,0.07433211246934235,0.0053068,0.0141898,0.006472781699999999,0.006656418300000001,7.693623690530927e-6,0.0005665786354790792,0.00019008746375449986,2510.0,2711.0,2612.424
3630.0,4111.0,4291.0,4195.13,57.86999999999989,132.11872447672718,-0.057101303809668824,0.0053337,0.0148451,0.006487809599999998,0.006619690400000001,9.856313203419168e-6,0.0005007552004967346,0.00018881150917798904,2529.0,2709.0,2613.13
3650.0,4124.0,4306.0,4213.386,58.61399999999958,134.9893410688496,-0.23952467103196629,0.0053305,0.019233,0.0064921278000000015,0.006675172199999998,7.713487821576247e-6,0.0005646389718646282,0.0001870302303721789,2522.0,2704.0,2611.386
3670.0,4110.0,4338.0,4234.879,61.121000000000095,138.5720368234132,0.2720682091872626,0.0054004,0.0140941,0.0065540221,0.006638777899999999,9.69104467387997e-6,0.0005895188764317112,0.00018709220253541452,2488.0,2716.0,2612.879
3690.0,4159.0,4344.0,4254.648,62.35199999999986,138.5240442335944,0.004729109130302778,0.0054288,0.0150367,0.0065744349,0.0066920651,3.29336196337227e-6,0.0005468385730142027,0.00019079700815823514,2517.0,2702.0,2612.648
3710.0,4188.0,4396.0,4275.997,60.9970000000003,137.87396073606158,-0.07358804654527518,0.0053797,0.0153471,0.006555555299999999,0.006713344700000001,9.22885190384618e-6,0.0005920606806116401,0.00018927488165660324,2526.0,2734.0,2613.997
3730.0,4197.0,4403.0,4296.051,61.948999999999614,137.27947273221014,-0.02802253656434761,0.0054428,0.0157539,0.0066341957,0.0068510043,2.163997892567037e-6,0.0005738894374306594,0.0001891041056126555,2515.0,2721.0,2614.051
3750.0,4207.0,4425.0,4318.172,60.82800000000043,137.35091406173308,0.16521140401140855,0.0054905,0.0161406,0.006694127200000001,0.006643572799999998,5.982482155619587e-6,0.0005438219468203678,0.0001813745604199777,2505.0,2723.0,2616.172
3770.0,4241.0,4441.0,4333.599,59.59900000000016,135.0210156037002,0.190506893520896,0.0055147,0.01535,0.0066943231,0.0067793769,7.754242762230019e-6,0.000546005854646582,0.00018051134931114447,2519.0,2719.0,2611.599
3790.0,4245.0,4471.0,4356.353,58.646999999999935,136.23203363007903,0.08656196014235462,0.0055287,0.0153327,0.006695303399999999,0.006710396600000001,5.405347217342945e-6,0.0005307968785475586,0.00018567072521790534,2503.0,2729.0,2614.353
3810.0,4273.0,4481.0,4375.42,58.42000000000007,140.4786327035049,-0.1460831825115707,0.0054936,0.0148723,0.006724902199999999,0.006718897800000002,5.9211551768617546e-6,0.0005552282542422514,0.00018333475163406578,2511.0,2719.0,2613.42
3830.0,4289.0,4493.0,4396.13,58.86999999999989,138.69440557620962,0.07112770633862908,0.0055312,0.015543,0.006795403499999998,0.006882396500000002,5.449926072942794e-6,0.0005378950204962308,0.00017930092284211487,2507.0,2711.0,2614.13
3850.0,4316.0,4509.0,4415.394,60.39400000000023,136.31741531336962,-0.04997955456928116,0.0056,0.0260688,0.006830978999999998,0.006785621000000001,1.517366850157945e-6,0.0007110176652158782,0.00017997354843628024,2514.0,2707.0,2613.394
3870.0,4345.0,4545.0,4437.509,61.490999999999985,139.35400215967212,0.16777901820805274,0.0055654,0.0153199,0.006803549100000001,0.0067931508999999985,7.0854504233176395e-6,0.0005271362747446274,0.00017977189844679017,2523.0,2723.0,2615.509
3890.0,4359.0,4539.0,4455.581,59.58100000000013,137.50496862439692,-0.2091931619967604,0.005625,0.0149371,0.0068676773,0.006918222700000001,3.6219209645270267e-6,0.000565137106252778,0.0001779855647600045,2517.0,2697.0,2613.581
3910.0,4373.0,4583.0,4476.535,61.465000000000146,139.60696832753592,-0.05220670518246706,0.0056282,0.0167514,0.0068768547,0.0068624453,5.016075905143517e-6,0.0004904622487148954,0.00017382992340808886,2511.0,2721.0,2614.535
3930.0,4406.0,4594.0,4495.933,64.06700000000001,141.5839547273498,0.08221760790395116,0.0056906,0.0174184,0.0069855171,0.0069353829,5.61935766896435e-6,0.0005311008643049197,0.00017819633516612962,2524.0,2712.0,2613.933
3950.0,4412.0,4608.0,4516.634,61.634000000000015,141.1250408579468,-0.11382625414252745,0.0056867,0.020048,0.0069570641,0.0069114359,6.449740716636339e-6,0.0005351023196975207,0.00017324713249722144,2510.0,2706.0,2614.634
3970.0,4422.0,4624.0,4536.486,60.485999999999876,140.13191297143217,-0.08582836050694587,0.0056358,0.0152185,0.0068936563,0.0068346437,3.5726669819789648e-6,0.0005181544801356542,0.00017222849421727728,2500.0,2702.0,2614.486
3990.0,4452.0,4659.0,4556.739,62.26100000000042,141.15361108353522,-0.01637365080083164,0.0057268,0.0163006,0.006997918,0.006833382,7.784746223944813e-6,0.0005274144159822374,0.00017623116970969752,2510.0,2717.0,2614.739
4010.0,4490.0,4681.0,4577.778,61.22199999999975,140.58868908806105,-0.13816080733439406,0.0058049,0.0155899,0.007026402700000002,0.006839197299999999,9.093770761201937e-6,0.0005242131809976191,0.00017820629651871803,2528.0,2719.0,2615.778
4030.0,4481.0,4691.0,4597.314,61.685999999999694,137.91493250771873,-0.010934902017994297,0.005743,0.0152526,0.0069939889,0.0069426111,4.462529769125718e-6,0.0005340391038094211,0.00016928907538126954,2499.0,2709.0,2615.314
4050.0,4517.0,4734.0,4617.799,59.20100000000002,138.09722235737695,-0.07490891227417462,0.0057757,0.0156092,0.007031473899999999,0.0068083261,6.393662063761336e-6,0.0005055099140969485,0.00016733125511803724,2515.0,2732.0,2615.799
4070.0,4534.0,4742.0,4637.424,61.57600000000002,142.05584938447393,0.18449049604087397,0.0058176,0.0178526,0.007077233500000002,0.006819566499999999,5.4589136615862856e-6,0.0006316067965376862,0.00016434701697181237,2512.0,2720.0,2615.424
4090.0,4549.0,4767.0,4657.917,62.91700000000037,144.21359082894986,0.06291749039587691,0.0058136,0.0161481,0.007076347699999998,0.0068822523000000016,1.0877594490504683e-5,0.0004513361033352265,0.00016897826973375686,2507.0,2725.0,2615.917
4110.0,4559.0,4782.0,4679.688,63.6880000000001,144.363201176248,0.19131777417203377,0.0058772,0.014044,0.007017259600000001,0.0059224403999999994,5.835322943905421e-6,0.0004826559350849391,0.00017156800034239488,2511.0,2734.0,2631.688
4130.0,4607.0,4826.0,4706.833,59.16700000000037,139.2773506367794,0.17183551911485972,0.0059156,0.01386,0.007075783599999999,0.0057919164,1.9990707161792226e-6,0.00047487871094554644,0.0001657820281164604,2559.0,2778.0,2658.833
4150.0,4629.0,4846.0,4734.48,59.52000000000044,136.4429869531179,-0.07340922337256872,0.0060348,0.0168503,0.0072533674,0.0058390326,6.698302703634969e-6,0.00047688412996315163,0.0001666287769119429,2581.0,2798.0,2686.48
4170.0,4670.0,4885.0,4759.918,61.082000000000335,144.5795586131344,0.030763537658255125,0.0060775,0.0141726,0.0072762211,0.0059129789,6.332934366331428e-6,0.0005291256524412806,0.0001659926141592216,2622.0,2837.0,2711.918
4190.0,4667.0,4920.0,4784.962,63.037999999999556,144.32227839124505,0.34581738443868426,0.0061388,0.0153071,0.007297802999999999,0.006021697,7.325609882029356e-7,0.0004920552469002174,0.00016482024692072568,2619.0,2872.0,2736.962
4210.0,4711.0,4913.0,4809.548,62.547999999999774,143.13882297491006,-0.11081920373039233,0.0061861,0.0197067,0.0073783942,0.0060202058,1.2012748989068333e-5,0.0004895408407606522,0.00016174543240748927,2663.0,2865.0,2761.548
4230.0,4720.0,4937.0,4836.87,66.13000000000011,149.13196284613954,-0.03625843532922701,0.0062051,0.0244935,0.007514769500000001,0.0060259304999999985,9.397149956134886e-6,0.00044460375131143593,0.00016363863109678927,2672.0,2889.0,2788.87
4250.0,4747.0,4962.0,4863.183,62.81700000000001,146.53020617374878,-0.1082116150407586,0.0062879,0.0154216,0.0075654178,0.0061741821999999995,8.347453276285192e-6,0.00046708943634563124,0.00016728804207165925,2699.0,2914.0,2815.183
4270.0,4773.0,4988.0,4887.896,66.89599999999973,147.1728355489678,-0.05880473051582191,0.0063002,0.0149639,0.007590026499999998,0.006115173500000003,2.4580571881822124e-6,0.0005023036179722207,0.0001702024773429709,2725.0,2940.0,2839.896
4290.0,4810.0,5015.0,4915.512,63.488000000000284,143.64229958556854,0.059468555729743855,0.0063229,0.0149836,0.0075832324,0.0060837676000000005,1.5864854646863226e-6,0.0004459249045291853,0.00015830995758542174,2762.0,2967.0,2867.512
4310.0,4851.0,5042.0,4941.251,63.251000000000204,145.31275159384938,-0.27377926827367816,0.006415,0.0163348,0.007736765000000001,0.006160934999999999,1.2739492865523599e-5,0.0006029299099470658,0.0001629695726248652,2803.0,2994.0,2893.251
4330.0,4875.0,5068.0,4969.471,65.52900000000045,148.69045709806676,-0.11624813237579756,0.0064356,0.0167731,0.007811151800000001,0.006182848199999999,1.6882593616313871e-6,0.0005015365141626108,0.00016131045823669865,2827.0,3020.0,2921.471
4350.0,4881.0,5095.0,4991.344,69.34400000000005,150.74653494458107,0.10134387836447134,0.0064192,0.0157719,0.007722030299999998,0.0062781697000000025,2.2797805648457056e-6,0.000509975626087733,0.00015669955076657398,2833.0,3047.0,2943.344
4370.0,4904.0,5120.0,5017.59,64.59000000000015,150.3891448705488,-0.08077056710300479,0.0065243,0.015562,0.0078430562,0.0062323438,3.1924181058615643e-6,0.0005633711810219118,0.000162765189311269,2856.0,3072.0,2969.59
4390.0,4924.0,5152.0,5044.334,64.33399999999983,146.65782419426995,0.08317148768899951,0.0066332,0.015634,0.007950559599999999,0.006225540400000002,5.759586539517583e-6,0.0004406783306131639,0.0001590903833729474,2876.0,3104.0,2996.334
4410.0,4967.0,5173.0,5070.241,63.759000000000015,147.7289484908839,-0.16250635198097285,0.0066465,0.0158942,0.0079954873,0.006311412700000001,1.2639015461166428e-6,0.00047696701302899944,0.00015672569342071064,2919.0,3125.0,3022.241
4430.0,4985.0,5208.0,5096.32,62.68000000000029,148.9853302463993,0.09496772622982785,0.0066617,0.0164754,0.008035311599999997,0.006325088400000003,7.623431352109474e-6,0.0004173191079892705,0.0001544449884369068,2937.0,3160.0,3048.32
4450.0,5029.0,5227.0,5124.514,66.48599999999988,146.93735626676653,0.07910421709070992,0.0066705,0.0164428,0.0081233887,0.0063844113,7.858516118018752e-6,0.00044359329791477314,0.00015837641562310804,2981.0,3179.0,3076.514
4470.0,5046.0,5245.0,5149.846,65.15400000000045,147.7854059310533,-0.06566888119751635,0.0067744,0.0163774,0.008174739799999999,0.0064522602000000005,6.787780677424114e-6,0.00046488517489647247,0.0001603064135747979,2998.0,3197.0,3101.846
4490.0,5083.0,5294.0,5175.115,67.88500000000022,151.81041433940527,0.03538269850303699,0.006809,0.0161358,0.008214419199999998,0.006318480800000002,9.969608646510462e-6,0.0004567921238655867,0.0001540917495311513,3035.0,3246.0,3127.115
4510.0,5104.0,5297.0,5197.62,63.61999999999989,147.8372343080316,-0.035611824858014174,0.0068234,0.0165412,0.0082488137,0.0064847863,3.600402056503243e-6,0.0005446009415163328,0.00015196880550335574,3056.0,3249.0,3149.62
4530.0,5122.0,5366.0,5225.557,66.44300000000021,153.3566212241039,0.0877199809270146,0.0069025,0.0283962,0.008360766399999999,0.006416233600000001,4.5670661105224465e-6,0.0004843814512646057,0.00015271706021045896,3074.0,3318.0,3177.557
4550.0,5136.0,5358.0,5251.303,66.69700000000012,149.62664185215127,-0.033757862425977336,0.0069264,0.0284442,0.0083945323,0.0063961677,9.655765023024964e-6,0.0004125006193084049,0.00015164940558999265,3088.0,3310.0,3203.303
4570.0,5173.0,5402.0,5277.362,65.36200000000008,153.40518984790666,-0.20435474884556548,0.0069787,0.0179492,0.0084501725,0.006444427499999999,4.548164946559275e-6,0.0005006832768678248,0.00015147913118651837,3125.0,3354.0,3229.362
4590.0,5201.0,5416.0,5300.767,63.766999999999825,150.36643336956655,-0.0902184103773882,0.0069858,0.017837,0.008471665000000003,0.006465934999999997,5.663002272256458e-6,0.0004929451920073745,0.00015315182951659498,3153.0,3368.0,3252.767
4610.0,5222.0,5428.0,5326.919,65.91899999999987,149.83316975476004,-0.23374663519154293,0.0069495,0.0166308,0.008493030500000004,0.006566969499999997,3.939477762058533e-6,0.0005195434545799461,0.00015098061180067893,3174.0,3380.0,3278.919
4630.0,5257.0,5469.0,5353.738,67.26199999999972,155.95341800867524,-0.15012418757964463,0.0071139,0.0177806,0.0086855712,0.0065984288,6.4825551413731165e-6,0.00041126350668172764,0.0001505759927703719,3209.0,3421.0,3305.738
4650.0,5282.0,5485.0,5380.539,67.46100000000024,154.22514378328515,-0.11096917280311258,0.007133,0.0160596,0.008629895499999998,0.006596404500000002,2.7398490457516265e-6,0.00045649883137898313,0.0001458246656276583,3234.0,3437.0,3332.539
4670.0,5291.0,5527.0,5408.2,68.19999999999982,157.7267184649377,0.010958887816584273,0.0070883,0.0166385,0.008629711999999998,0.0066423880000000025,4.780316726224425e-6,0.00045013575408029647,0.00014863152419300558,3243.0,3479.0,3360.2
4690.0,5327.0,5525.0,5433.004,68.0039999999999,154.37198706498015,-0.08212845785223077,0.0072011,0.0163693,0.0087182873,0.006542812699999999,4.052899193774004e-7,0.00046192972564277154,0.00015152188654722303,3279.0,3477.0,3385.004
4710.0,5354.0,5606.0,5460.722,68.72199999999975,157.677254023643,0.19387121063651813,0.00728,0.0177384,0.00875187,0.00662593,7.98931327639003e-6,0.0004095526754680801,0.00014962704485780575,3306.0,3558.0,3412.722
4730.0,5387.0,5601.0,5485.508,65.50799999999981,149.3965128041416,0.035893709458096,0.007279,0.0215246,0.0088730525,0.006618247499999999,5.163278759665093e-6,0.000447908314024778,0.0001463609139861292,3339.0,3553.0,3437.508
4750.0,5396.0,5642.0,5511.82,69.18000000000029,156.9711819155094,0.10382572467251538,0.0073418,0.016775,0.0088824859,0.006728014099999999,9.245182198314516e-6,0.00044419884372917483,0.0001448163100848408,3348.0,3594.0,3463.82
4770.0,5433.0,5655.0,5540.436,68.5640000000003,155.42726825018744,-0.07603197716394394,0.0073616,0.016527,0.008875216200000001,0.0067734838000000006,6.231101687548559e-6,0.0005079036028622091,0.00014897332252309753,3385.0,3607.0,3492.436
4790.0,5467.0,5703.0,5564.564,66.4359999999997,152.5271865033333,0.22834549562769402,0.0074487,0.0179927,0.009040733000000002,0.006265266999999998,7.145506637736093e-6,0.0004127409437412443,0.00014599554715897988,3419.0,3655.0,3516.564
4810.0,5489.0,5697.0,5589.474,66.47400000000016,149.62370712468572,0.02845679370416887,0.0074598,0.0181533,0.009098319200000003,0.0068230807999999955,4.6689106434320224e-6,0.00040758384771253113,0.0001437794863491804,3441.0,3649.0,3541.474
4830.0,5506.0,5749.0,5617.021,70.02099999999973,160.7857681613744,-0.0009995011106864737,0.0074575,0.0239514,0.0092092489,0.006836851100000001,9.900018634547752e-6,0.00040426462456053766,0.00013833900263734316,3458.0,3701.0,3569.021
4850.0,5530.0,5760.0,5640.529,68.47099999999955,158.97010622967665,-0.21855458026596652,0.0074931,0.0182385,0.009103944000000003,0.006966555999999999,7.63853509093149e-6,0.0004947995430569782,0.00014564407546851631,3482.0,3712.0,3592.529
4870.0,5554.0,5780.0,5667.471,70.47099999999955,162.8141628717589,0.0018806434313143328,0.0075405,0.0177744,0.0091605192,0.006999180799999999,1.7482826774504953e-6,0.0003885969884152402,0.00014212811777136177,3506.0,3732.0,3619.471
4890.0,5598.0,5812.0,5694.524,67.47599999999966,156.55138714433932,0.12863564344596945,0.0076091,0.017573,0.009291892199999995,0.007043107800000004,8.15017812724748e-6,0.0005367468076024703,0.0001375361519829765,3550.0,3764.0,3646.524
4910.0,5625.0,5833.0,5720.724,68.27599999999984,154.17576543233585,-0.16220380049414107,0.0076649,0.0199176,0.009328132599999999,0.007110467400000002,1.528378921141671e-6,0.00039229524241833744,0.00013670456737049919,3577.0,3785.0,3672.724
4930.0,5645.0,5853.0,5747.439,69.4390000000003,152.47745720254832,-0.034739530483977266,0.0075791,0.0183759,0.009348777099999997,0.007153322900000002,1.1423817614091276e-6,0.00043542117404286407,0.00014391019134815552,3597.0,3805.0,3699.439
4950.0,5665.0,5886.0,5772.071,67.07099999999991,153.6175691043753,-0.14774914623114332,0.007749,0.0180365,0.009444869100000001,0.0071385309000000004,2.275772371337065e-6,0.0004333594538797851,0.0001380828316184996,3617.0,3838.0,3724.071
4970.0,5698.0,5918.0,5801.788,67.78799999999956,154.8445606340693,-0.08307290470215056,0.0077622,0.0236946,0.009526329299999999,0.0071843707,6.893202939038687e-6,0.0004546489111849947,0.00013955827719925085,3650.0,3870.0,3753.788
4990.0,5684.0,5955.0,5825.333,68.33299999999963,157.78040713877274,0.6691956015661056,0.0077408,0.0276601,0.009448371099999998,0.007278228900000003,8.534464383725962e-6,0.00039833729947018695,0.00013806651642953946,3636.0,3907.0,3777.333
5010.0,5741.0,5951.0,5850.713,71.71299999999974,161.02739655860572,-0.194097039279987,0.0078132,0.0186624,0.009543577000000001,0.007271022999999998,6.84560246560615e-6,0.00042754932961206615,0.00014031898266311134,3693.0,3903.0,3802.713
5030.0,5751.0,5991.0,5879.254,71.2539999999999,164.71527191126145,-0.06431417187080912,0.007933,0.0303267,0.009665037799999998,0.0072507622000000035,3.9893368924100966e-6,0.00046446242367931224,0.00013620444465884396,3703.0,3943.0,3831.254
5050.0,5792.0,6011.0,5902.857,67.14300000000003,156.74201440290057,-0.08133770419810693,0.0079405,0.0201779,0.009710457100000002,0.007347442899999999,3.557224317364756e-6,0.00044049238419994037,0.00013897005120265508,3744.0,3963.0,3854.857
5070.0,5816.0,6034.0,5930.938,72.0619999999999,162.6025913776368,0.01848141965529404,0.0079712,0.0221865,0.009716663499999998,0.007421836500000003,7.009086246450988e-6,0.0004359883685560329,0.00013794692472579172,3768.0,3986.0,3882.938
5090.0,5850.0,6087.0,5956.315,71.3149999999996,158.32050050729652,0.29572722917793026,0.0079438,0.0200094,0.0097481611,0.007454038900000001,2.0312509203829336e-6,0.00046324495406693106,0.00013754931968403965,3802.0,4039.0,3908.315
5110.0,5841.0,6091.0,5980.518,67.48199999999997,158.72538318513284,0.0874298915427758,0.00803,0.0188014,0.009799332700000002,0.0074991673,5.266101557496657e-7,0.00043411394013333443,0.000133289872386465,3793.0,4043.0,3932.518
5130.0,5908.0,6128.0,6008.654,65.65400000000045,157.05525152643585,-0.08947707172823183,0.0080706,0.0184802,0.0098327976,0.007497702399999999,2.8005989640355775e-6,0.00042844137223037044,0.00013342381117329908,3860.0,4080.0,3960.654
5150.0,5925.0,6163.0,6032.787,72.21299999999974,162.89606424879562,0.06477214922308372,0.0080722,0.0189071,0.0098746655,0.007519034500000002,1.688862861917523e-6,0.00040336294614638107,0.00013720526793422323,3877.0,4115.0,3984.787
5170.0,5963.0,6173.0,6059.794,67.20600000000013,158.74580785492108,-0.2776240179279803,0.0081601,0.0192236,0.009969680000000003,0.007523019999999997,9.872862480225172e-7,0.0004076720822160672,0.0001333467677849175,3915.0,4125.0,4011.794
5190.0,5986.0,6213.0,6086.766,71.76599999999962,163.83829792776737,-0.0163165834044392,0.0082478,0.0196974,0.010068817,0.0075924830000000006,9.176877543768085e-6,0.00038877064212771697,0.000132498745036644,3938.0,4165.0,4038.766
5210.0,5997.0,6232.0,6113.897,72.89699999999993,164.27341103652037,-0.14006221164532917,0.0082933,0.0197457,0.010200895000000001,0.007560905,8.320671949044378e-6,0.00040427172581912935,0.00013556627425279283,3949.0,4184.0,4065.897
5230.0,6038.0,6256.0,6140.665,72.33500000000004,166.312222206473,-0.24994147205187955,0.0083964,0.0196862,0.010323451500000002,0.0077166484999999976,3.0116074028253515e-6,0.0003741542229487382,0.00013447407802244266,3990.0,4208.0,4092.665
5250.0,6035.0,6298.0,6164.615,73.38500000000022,168.4290469124724,0.0016761718387314772,0.0083914,0.02445,0.010245037300000003,0.007727362699999997,4.661321495822975e-6,0.00040597902691464374,0.00013241085430884932,3987.0,4250.0,4116.615
5270.0,6078.0,6312.0,6194.814,74.1859999999997,169.05729339028363,-0.06259221059598152,0.0085674,0.0196841,0.010419206600000001,0.0076760934,4.802947219164296e-6,0.00036949218362838655,0.00013400955351898535,4030.0,4264.0,4146.814
5290.0,6095.0,6343.0,6222.157,73.15700000000015,167.46561363979097,-0.07281422459512799,0.0084852,0.0204589,0.010520768,0.007739632,3.0114272694187623e-6,0.00036627485486383156,0.00013225458859531406,4047.0,4295.0,4174.157
5310.0,6126.0,6384.0,6247.321,70.32099999999991,161.73000889066873,0.21550306995911273,0.0084037,0.0226872,0.0102960607,0.007642739300000001,4.3705186131531795e-6,0.000419044246512148,0.00012520416039107007,4078.0,4336.0,4199.321
5330.0,6162.0,6390.0,6274.314,69.6859999999997,161.0954369925475,-0.03308820893799869,0.0084821,0.0210655,0.010412239799999999,0.007632360200000002,2.171491243422029e-6,0.0003801587228005525,0.00012984227213765076,4114.0,4342.0,4226.314
5350.0,6185.0,6452.0,6298.471,75.52900000000045,168.55216703742795,0.3484908799662563,0.0085228,0.0197817,0.010428137700000001,0.007650662299999998,1.2374027653196363e-6,0.00041202129961013547,0.00013203253582310182,4137.0,4404.0,4250.471
5370.0,6201.0,6447.0,6324.742,76.74200000000019,175.5743006679937,-0.10000195185231142,0.0084808,0.0197648,0.010437638400000001,0.007831461599999999,7.94485810288342e-6,0.00039260405990788373,0.00012718401776833083,4153.0,4399.0,4276.742
5390.0,6219.0,6474.0,6351.061,76.9390000000003,171.84783169204448,0.07160548065469285,0.0085946,0.0226468,0.0106138905,0.007813009499999999,6.710505536339489e-6,0.00043978273444481193,0.00013073047857577595,4171.0,4426.0,4303.061
5410.0,6263.0,6519.0,6378.055,75.94499999999971,172.04638752225932,0.0015450565584562703,0.0087856,0.0199349,0.0107524444,0.0079173556,1.6741743105571708e-6,0.0004302025680211847,0.00012856659715501306,4215.0,4471.0,4330.055
5430.0,6294.0,6527.0,6406.004,75.0039999999999,169.90369903844635,0.09603788810756164,0.0086622,0.021697,0.010854786400000002,0.0079281136,2.2104984114764625e-6,0.0003809073256046731,0.0001256280072346766,4246.0,4479.0,4358.004
5450.0,6320.0,6557.0,6428.919,73.91899999999987,162.37689193673782,0.06395238699649886,0.0088108,0.0296657,0.010882950700000001,0.007859549299999997,4.8895891765963335e-6,0.00039151589684657356,0.00012468418011441748,4272.0,4509.0,4380.919
5470.0,6345.0,6581.0,6458.145,70.14500000000044,163.01832557867374,-0.04106978736878153,0.0089034,0.0230091,0.010909216200000004,0.008019183799999998,3.450254844107016e-6,0.00040403734922516636,0.00012766486363337842,4297.0,4533.0,4410.145
5490.0,6372.0,6605.0,6480.113,75.11300000000028,171.11927543800093,-0.07641184672180934,0.0088171,0.0201131,0.010806451000000002,0.007862649,7.644341562062473e-6,0.0003856699347827061,0.00012644892003323363,4324.0,4557.0,4432.113
5510.0,6398.0,6616.0,6511.088,74.91200000000026,169.8475001090487,-0.12307125420404175,0.0088349,0.026303,0.010875083199999998,0.007886516800000002,6.200920600712633e-6,0.0003505756095411302,0.00012627084684181612,4350.0,4568.0,4463.088
5530.0,6431.0,6655.0,6536.34,71.34000000000015,161.36904278072655,-0.13888237741050435,0.008916,0.0206501,0.010950216300000001,0.008015883699999999,6.050691233053501e-6,0.00035086487689251617,0.00012842075800617033,4383.0,4607.0,4488.34
5550.0,6421.0,6681.0,6563.39,72.39000000000033,165.60949400473544,0.0197722093353776,0.0089306,0.0206714,0.010954949999999996,0.008001150000000004,1.9609659863129038e-7,0.0003756248389471014,0.00012546048030344324,4373.0,4633.0,4515.39
5570.0,6422.0,6698.0,6586.387,73.61300000000028,171.89244204336512,0.08725743974217348,0.0088884,0.0217478,0.010892451299999998,0.007929348700000002,3.6270640037961495e-6,0.00035636582754962576,0.0001250310393945844,4374.0,4650.0,4538.387
5590.0,6511.0,6762.0,6615.804,75.80400000000009,167.25646895234405,0.3063105563724431,0.0090452,0.0224334,0.011093770600000002,0.0080221294,3.2770898231065436e-6,0.0003801615501467587,0.00012249047752631005,4463.0,4714.0,4567.804
5610.0,6497.0,6752.0,6639.6,71.60000000000036,164.91536337490533,0.028338209685895954,0.0090434,0.0213028,0.011128348,0.008020751999999999,1.048625255434653e-5,0.000397127152853067,0.0001227739831791248,4449.0,4704.0,4591.6
5630.0,6533.0,6810.0,6666.659,72.65899999999965,169.76888954062176,0.26314843556938916,0.0089935,0.0207601,0.0110344303,0.008076069699999999,3.5420006103536274e-6,0.0004255860271667929,0.00012752757900224274,4485.0,4762.0,4618.659
5650.0,6552.0,6809.0,6694.375,74.375,165.96129262768065,0.07088444425101814,0.0090524,0.021813,0.011189144199999999,0.008046555800000002,2.73652643055104e-6,0.00039760373656593114,0.00012025051459192904,4504.0,4761.0,4646.375
5670.0,6605.0,6880.0,6721.262,73.26199999999972,168.93159859838244,0.23853427726930043,0.009169,0.0239453,0.011288772,0.008131028,6.801247355772236e-6,0.0003964422659085497,0.00012207643168092767,4557.0,4832.0,4673.262
5690.0,6632.0,6855.0,6748.176,74.17600000000039,172.88582934986314,-0.2778830704414217,0.0092326,0.0243284,0.011315101000000001,0.008231399,1.0014362992231053e-5,0.00038077730124398267,0.00012140326007011062,4584.0,4807.0,4700.176
5710.0,6661.0,6897.0,6774.412,72.58799999999974,167.29229459790378,-0.09063652271791511,0.0092768,0.0240326,0.011433928500000001,0.0081557715,4.412519317672006e-6,0.00036443733641496463,0.00011982567326850667,4613.0,4849.0,4726.412
5730.0,6684.0,6912.0,6801.733,73.73300000000017,169.35168795797168,-0.08172006752603389,0.0092401,0.0227079,0.0114076723,0.0083306277,5.718305093042963e-6,0.0004191566028811381,0.00012089248823258254,4636.0,4864.0,4753.733
5750.0,6725.0,6946.0,6826.855,76.85499999999956,172.80051944227344,-0.18915994922174928,0.0093553,0.0245852,0.011487490799999996,0.008347609200000005,3.473658955259897e-6,0.0003788592611871683,0.0001233755385406846,4677.0,4898.0,4778.855
5770.0,6713.0,6982.0,6856.268,75.26800000000003,172.14888544152345,0.18594836498867284,0.0093758,0.0242081,0.011565020399999999,0.0084521796,6.012233468413452e-6,0.00041861245128653956,0.00012368159116856126,4665.0,4934.0,4808.268
5790.0,6747.0,6987.0,6881.501,79.4989999999998,172.31951135606775,0.11137236407880424,0.0093849,0.0206816,0.011666525500000002,0.007434074499999997,5.038288975382165e-6,0.0003643808043314537,0.00011862688491488787,4699.0,4939.0,4833.501
5810.0,6773.0,7045.0,6907.936,73.9359999999997,172.93705590562504,0.1346593989671443,0.0095566,0.0243998,0.0118338944,0.008478405599999999,1.7669670132155647e-6,0.00033659144612097004,0.00011632080211690832,4725.0,4997.0,4859.936
5830.0,6811.0,7050.0,6934.999,81.9989999999998,182.71640666690348,-0.14899604497054497,0.0094616,0.0221783,0.011736045899999999,0.008387154100000002,1.7665530958112248e-6,0.0004152814927213591,0.00011732911139658804,4763.0,5002.0,4886.999
5850.0,6850.0,7104.0,6958.725,77.27499999999964,177.8975971030948,-0.0683805635969752,0.0095765,0.0251846,0.0118321971,0.0083547029,5.070865105716245e-6,0.00033912045942255565,0.00011638137085845582,4802.0,5056.0,4910.725
5870.0,6861.0,7126.0,6986.891,75.10900000000038,173.35649643106788,0.10552987277266102,0.0097069,0.027927,0.0119688775,0.008546022499999998,3.0753106235143926e-6,0.0003315688099583721,0.00011600536005731614,4813.0,5078.0,4938.891
5890.0,6896.0,7133.0,7013.847,78.15300000000025,178.77458480492177,-0.19659683838267483,0.009608,0.0289618,0.0119242136,0.0085337864,1.5979575771299016e-6,0.00036301941477121126,0.00011910845506133756,4848.0,5085.0,4965.847
5910.0,6901.0,7170.0,7040.238,74.76199999999972,175.05047783365168,0.33732788544478387,0.0096892,0.0311316,0.012111993199999997,0.008473006800000002,7.730926438363341e-7,0.0004103708763952614,0.00011463286572902134,4853.0,5122.0,4992.238
5930.0,6936.0,7236.0,7065.961,77.96100000000024,181.04034131978756,-0.010995221590905935,0.0097362,0.0236735,0.012130322500000002,0.008583277499999997,2.6809884751517223e-6,0.0003312806659627382,0.00011661534414900143,4888.0,5188.0,5017.961
5950.0,6986.0,7207.0,7092.773,75.22699999999986,172.59205496614678,-0.25531656572785444,0.0096901,0.0240665,0.012075747900000003,0.008641452099999999,1.103146989134541e-6,0.0003766987857355761,0.00011818199115422961,4938.0,5159.0,5044.773
5970.0,6998.0,7261.0,7118.77,75.22999999999956,172.33270310814652,0.054846236920990776,0.0098121,0.0251743,0.012276814700000001,0.0087698853,2.89885633186015e-6,0.00039590905089149664,0.0001142867515612004,4950.0,5213.0,5070.77
5990.0,7036.0,7272.0,7147.193,76.80699999999979,171.88012624442013,-0.09035212604470955,0.0098531,0.0246297,0.012150527500000003,0.008536572499999997,4.1595312389699465e-6,0.00038337316779554515,0.00011588353734907415,4988.0,5224.0,5099.193
